freq_Hz,PSD_x
0.0,31.968279518338303
0.048828125,106.58917904737842
0.09765625,92.28424369629589
0.146484375,66.60092815548406
0.1953125,64.75335035971585
0.244140625,68.73208918375343
0.29296875,60.63612948594181
0.341796875,39.839411266901976
0.390625,43.29071710726254
0.439453125,38.132723370657054
0.48828125,34.0324688921006
0.537109375,28.007200727908607
0.5859375,46.51294117629601
0.634765625,48.326909073101895
0.68359375,50.94180567887557
0.732421875,33.89570315518789
0.78125,27.344376885818377
0.830078125,22.407499538510198
0.87890625,31.00620038589017
0.927734375,24.648704028284545
0.9765625,22.057008421050206
1.025390625,26.06025986508483
1.07421875,26.714668076891027
1.123046875,21.891965075308917
1.171875,19.16448894429093
1.220703125,15.97267530960338
1.26953125,14.156587180002374
1.318359375,14.908849577646478
1.3671875,16.119123608386825
1.416015625,13.467782680794373
1.46484375,9.665877616922462
1.513671875,6.434886063654813
1.5625,7.3151651527846075
1.611328125,7.8679632365932015
1.66015625,7.03015969148301
1.708984375,6.217768828512912
1.7578125,4.914015545884027
1.806640625,6.8391823519833945
1.85546875,5.632063152318612
1.904296875,5.775016197581939
1.953125,6.755584058838999
2.001953125,7.346923882289794
2.05078125,3.5124041880641035
2.099609375,3.1659712986825888
2.1484375,2.398196543429382
2.197265625,2.247244696381065
2.24609375,2.57597716729001
2.294921875,2.573249310642175
2.34375,1.9451894382127706
2.392578125,1.610017638147626
2.44140625,1.5960427966029471
2.490234375,1.992659876668993
2.5390625,1.582719318264454
2.587890625,1.5101249682813058
2.63671875,1.596038085269202
2.685546875,1.655515091640699
2.734375,1.2178444358072105
2.783203125,0.7462908782909037
2.83203125,0.6225301493047216
2.880859375,0.48227217775760434
2.9296875,0.4628947784720677
2.978515625,0.3353302205494515
3.02734375,0.3963021700329905
3.076171875,0.40571834015429037
3.125,0.35316072517646874
3.173828125,0.3734095992085174
3.22265625,0.3964016271469393
3.271484375,0.4085732842593919
3.3203125,0.4403240896695547
3.369140625,0.2197532662988053
3.41796875,0.14871429572438136
3.466796875,0.13555848431793124
3.515625,0.15208777944458496
3.564453125,0.25892442643047514
3.61328125,0.1567212405392681
3.662109375,0.09261400868131599
3.7109375,0.09327712634571124
3.759765625,0.1223442660127167
3.80859375,0.1407379199805023
3.857421875,0.136923232397512
3.90625,0.08105067265555306
3.955078125,0.08189147792536869
4.00390625,0.09630018143681048
4.052734375,0.0922235357644936
4.1015625,0.05947250096004838
4.150390625,0.04091903688449952
4.19921875,0.0308919335792331
4.248046875,0.03326924693803529
4.296875,0.030752767410456
4.345703125,0.018290377995932274
4.39453125,0.025618027652195716
4.443359375,0.02534974000423974
4.4921875,0.029658654892456626
4.541015625,0.02337084969866079
4.58984375,0.014339290867179966
4.638671875,0.015842061112562197
4.6875,0.013688127422967447
4.736328125,0.013633596501501059
4.78515625,0.011623799636996618
4.833984375,0.012804110414850453
4.8828125,0.01627781641401023
4.931640625,0.009072268018515838
4.98046875,0.005657118781492969
5.029296875,0.0060316382666752225
5.078125,0.007936039698113802
5.126953125,0.006865436803294024
5.17578125,0.006010344254420472
5.224609375,0.004491626861462614
5.2734375,0.004114520952836609
5.322265625,0.005615788887560901
5.37109375,0.006472575355549216
5.419921875,0.004907681234911054
5.46875,0.002721091018743705
5.517578125,0.0028057655058581423
5.56640625,0.003079106703007963
5.615234375,0.0024214411953268943
5.6640625,0.0014513837780424383
5.712890625,0.0015652681714878917
5.76171875,0.0018276873997886533
5.810546875,0.0019759817396182234
5.859375,0.0013383660463400998
5.908203125,0.0009739325551226799
5.95703125,0.000957119104952658
6.005859375,0.0006279175621422794
6.0546875,0.0006959871491823788
6.103515625,0.0008743496522733093
6.15234375,0.0009793931479738943
6.201171875,0.000790250395133916
6.25,0.0005195481807691605
6.298828125,0.0005485300162981463
6.34765625,0.0003310332669236957
6.396484375,0.0003446109348608035
6.4453125,0.00047906250551142774
6.494140625,0.0004311495411394159
6.54296875,0.0005910250107940146
6.591796875,0.0004166722810495807
6.640625,0.00032911336812846203
6.689453125,0.00035485321036003795
6.73828125,0.0003060539154128925
6.787109375,0.00018924050268295152
6.8359375,0.00015066651168265633
6.884765625,0.00016564481673501374
6.93359375,9.926397765001963e-05
6.982421875,9.067170541763429e-05
7.03125,0.000129529301923494
7.080078125,0.00011586763275954752
7.12890625,0.00014063487597316753
7.177734375,0.0001170136296171851
7.2265625,7.95221372092673e-05
7.275390625,5.745998014812757e-05
7.32421875,4.44356346314243e-05
7.373046875,4.200722046801955e-05
7.421875,9.139254838758665e-05
7.470703125,9.386719328242865e-05
7.51953125,6.20380304066678e-05
7.568359375,2.7990917008440185e-05
7.6171875,2.9166684078496687e-05
7.666015625,2.9593780511756415e-05
7.71484375,4.493410406859644e-05
7.763671875,2.8307813872448854e-05
7.8125,2.303783529818279e-05
7.861328125,3.483569443734799e-05
7.91015625,2.6273755509305806e-05
7.958984375,1.9706919916854664e-05
8.0078125,1.6615766640301876e-05
8.056640625,1.3510618797412415e-05
8.10546875,1.1268003336320196e-05
8.154296875,1.0433755976830725e-05
8.203125,1.3207905515451153e-05
8.251953125,1.0718858443230625e-05
8.30078125,9.397142860484227e-06
8.349609375,9.624423242028941e-06
8.3984375,1.0262921390130103e-05
8.447265625,1.0723025379225996e-05
8.49609375,8.281312001446162e-06
8.544921875,7.411058174863365e-06
8.59375,4.494314118433921e-06
8.642578125,3.6811497798491286e-06
8.69140625,5.747204783144734e-06
8.740234375,6.417564810598991e-06
8.7890625,4.837992326184256e-06
8.837890625,2.9922722839748837e-06
8.88671875,2.7334363385546383e-06
8.935546875,2.953271887240249e-06
8.984375,2.414108160171492e-06
9.033203125,1.6728065832389837e-06
9.08203125,1.82129669919531e-06
9.130859375,2.822518196756868e-06
9.1796875,1.9535110449874857e-06
9.228515625,1.2954672481317548e-06
9.27734375,1.1955354594444378e-06
9.326171875,1.420771066586001e-06
9.375,9.129509208347044e-07
9.423828125,9.042080196752845e-07
9.47265625,9.176990090421601e-07
9.521484375,1.173597477546279e-06
9.5703125,1.0576343005340125e-06
9.619140625,8.048036264745647e-07
9.66796875,6.845467131662609e-07
9.716796875,9.003041952570692e-07
9.765625,7.912295069980779e-07
9.814453125,5.152759673616384e-07
9.86328125,3.9565578284465896e-07
9.912109375,5.400067777239161e-07
9.9609375,3.827828989749452e-07
10.009765625,3.332384374661367e-07
10.05859375,3.148916282210878e-07
10.107421875,2.348356149092823e-07
10.15625,2.498345031048933e-07
10.205078125,2.12751410559302e-07
10.25390625,1.941294764641973e-07
10.302734375,2.63422055427649e-07
10.3515625,1.477685081317492e-07
10.400390625,1.393012262263358e-07
10.44921875,1.7526924113415936e-07
10.498046875,1.8104116446764104e-07
10.546875,1.1721848874762632e-07
10.595703125,9.025855207673997e-08
10.64453125,8.413382959763677e-08
10.693359375,1.0956503101391245e-07
10.7421875,1.033078224018783e-07
10.791015625,4.896414080582544e-08
10.83984375,9.010567273515707e-08
10.888671875,8.45927005769055e-08
10.9375,5.770738515307669e-08
10.986328125,4.632375176478207e-08
11.03515625,5.7476840395190614e-08
11.083984375,4.867441397136951e-08
11.1328125,3.473600120255428e-08
11.181640625,4.092365416466628e-08
11.23046875,4.453425979022834e-08
11.279296875,2.7773221528707243e-08
11.328125,1.6192292484170277e-08
11.376953125,1.9128703653873503e-08
11.42578125,2.7626489182172553e-08
11.474609375,2.4243638055990005e-08
11.5234375,1.0823860304652514e-08
11.572265625,1.82338332384208e-08
11.62109375,2.1660647695011998e-08
11.669921875,1.7652798142761346e-08
11.71875,1.0362985950639536e-08
11.767578125,1.0245795899121613e-08
11.81640625,1.271591380734572e-08
11.865234375,8.010502401520553e-09
11.9140625,8.722424229349016e-09
11.962890625,7.6164295692827e-09
12.01171875,8.244267334911557e-09
12.060546875,7.477117982983935e-09
12.109375,6.833481027830653e-09
12.158203125,6.414173903504318e-09
12.20703125,5.789381003259227e-09
12.255859375,3.5513701968868313e-09
12.3046875,2.9823396678682863e-09
12.353515625,5.0349965582357524e-09
12.40234375,4.400423082864076e-09
12.451171875,2.369943854262404e-09
12.5,3.098105170187286e-09
12.548828125,2.1418815437096435e-09
12.59765625,1.9126661388833235e-09
12.646484375,2.1753577990839586e-09
12.6953125,2.198564206466075e-09
12.744140625,2.155732498895137e-09
12.79296875,1.6661104119867473e-09
12.841796875,9.79164329972793e-10
12.890625,1.604085342963619e-09
12.939453125,1.6884803710951523e-09
12.98828125,1.1994702971321622e-09
13.037109375,8.817498149659244e-10
13.0859375,1.0179047115175016e-09
13.134765625,1.1404929441069798e-09
13.18359375,7.352227680797259e-10
13.232421875,5.669257222282228e-10
13.28125,5.380056525603571e-10
13.330078125,6.386126011654327e-10
13.37890625,6.198230604276826e-10
13.427734375,4.3985833832114334e-10
13.4765625,4.857607241323488e-10
13.525390625,4.4624680056063794e-10
13.57421875,2.8036144260845425e-10
13.623046875,2.315611390707306e-10
13.671875,3.7644329756158437e-10
13.720703125,4.280304260750336e-10
13.76953125,2.573911386880696e-10
13.818359375,1.627413397766196e-10
13.8671875,1.5766618999134642e-10
13.916015625,2.1304975147395973e-10
13.96484375,1.8506379954630113e-10
14.013671875,1.845855917599715e-10
14.0625,1.785499399461127e-10
14.111328125,1.4239997348570055e-10
14.16015625,9.526610853147024e-11
14.208984375,8.890350590126063e-11
14.2578125,1.273568441016564e-10
14.306640625,1.2398427687169573e-10
14.35546875,5.933454804870117e-11
14.404296875,8.022373330319783e-11
14.453125,9.727134849629837e-11
14.501953125,4.582101386192676e-11
14.55078125,3.5309988267134294e-11
14.599609375,4.671575315963518e-11
14.6484375,6.64885482167868e-11
14.697265625,5.868569534706849e-11
14.74609375,3.1956217390241284e-11
14.794921875,3.6899099802643385e-11
14.84375,3.1605870691440295e-11
14.892578125,2.3569474408578386e-11
14.94140625,2.9569744683943124e-11
14.990234375,3.190906518705754e-11
15.0390625,2.7708024333277037e-11
15.087890625,1.8757629974729093e-11
15.13671875,1.3779176120933194e-11
15.185546875,1.8738355442359336e-11
15.234375,1.8040224805143894e-11
15.283203125,1.4644388292871584e-11
15.33203125,1.1253570786068036e-11
15.380859375,1.4985275761726148e-11
15.4296875,1.4968971628821866e-11
15.478515625,8.401278088192697e-12
15.52734375,6.878008023972708e-12
15.576171875,1.0990844393036781e-11
15.625,8.858187314445347e-12
15.673828125,5.994175351238479e-12
15.72265625,4.953689355695516e-12
15.771484375,5.733446782426134e-12
15.8203125,5.531717894624004e-12
15.869140625,4.271631912187355e-12
15.91796875,4.146951895888063e-12
15.966796875,5.8756647789699814e-12
16.015625,4.91468144954842e-12
16.064453125,2.5294970843217306e-12
16.11328125,2.5342312305536003e-12
16.162109375,2.6101625712321084e-12
16.2109375,3.204735819362589e-12
16.259765625,2.3872424307279814e-12
16.30859375,2.0405338742064008e-12
16.357421875,2.8794357437490846e-12
16.40625,1.605892134311758e-12
16.455078125,1.191861825324389e-12
16.50390625,1.388649203675997e-12
16.552734375,1.4966957898557899e-12
16.6015625,1.831333693068941e-12
16.650390625,9.145203992575342e-13
16.69921875,9.46295921617828e-13
16.748046875,1.3339187460826781e-12
16.796875,7.977367745222591e-13
16.845703125,6.361693566126122e-13
16.89453125,8.934624611759613e-13
16.943359375,8.523365429406512e-13
16.9921875,5.554871088006807e-13
17.041015625,4.831506366956976e-13
17.08984375,6.285877957476287e-13
17.138671875,5.410330250306095e-13
17.1875,4.561360080710162e-13
17.236328125,3.083954945462626e-13
17.28515625,6.468737194648132e-13
17.333984375,3.752982761159088e-13
17.3828125,2.446087956748377e-13
17.431640625,3.032708838610764e-13
17.48046875,3.0070237879934943e-13
17.529296875,2.703855537202431e-13
17.578125,2.0927155756558065e-13
17.626953125,2.862337644588726e-13
17.67578125,2.395465804428643e-13
17.724609375,2.2105898647200849e-13
17.7734375,1.0109514754054135e-13
17.822265625,2.0999312862293063e-13
17.87109375,1.97524246450672e-13
17.919921875,1.338294059290791e-13
17.96875,1.169988455939013e-13
18.017578125,1.3705295034941867e-13
18.06640625,1.4645225219881645e-13
18.115234375,1.1416739938192695e-13
18.1640625,1.190876786232909e-13
18.212890625,8.455661012393847e-14
18.26171875,1.2183793797236676e-13
18.310546875,7.424683272682689e-14
18.359375,7.498513004088057e-14
18.408203125,1.0085715416365682e-13
18.45703125,7.382984889368346e-14
18.505859375,8.032692561106571e-14
18.5546875,6.932684615427395e-14
18.603515625,8.041630092439376e-14
18.65234375,6.39353188114954e-14
18.701171875,4.44453642804255e-14
18.75,4.919927176154638e-14
18.798828125,7.912027011537048e-14
18.84765625,5.58329307260557e-14
18.896484375,4.8148991531993394e-14
18.9453125,4.6765886197577176e-14
18.994140625,4.7877991630256516e-14
19.04296875,5.0164130621276095e-14
19.091796875,4.284239602479998e-14
19.140625,3.8507806898967727e-14
19.189453125,4.315717590628109e-14
19.23828125,4.348004170002143e-14
19.287109375,3.660544845405e-14
19.3359375,4.4931739323725525e-14
19.384765625,3.7601168165209855e-14
19.43359375,3.1353384882069204e-14
19.482421875,3.282578264095364e-14
19.53125,3.361647878386936e-14
19.580078125,3.644025627173744e-14
19.62890625,3.040495488516977e-14
19.677734375,3.4132571240421365e-14
19.7265625,2.9861032587367076e-14
19.775390625,3.259382905006725e-14
19.82421875,2.6133793608929868e-14
19.873046875,2.7307502980272584e-14
19.921875,2.7393038531413785e-14
19.970703125,2.882658862365648e-14
20.01953125,2.984525533289536e-14
20.068359375,2.5852431259898643e-14
20.1171875,2.536465826539145e-14
20.166015625,2.387479860917972e-14
20.21484375,2.5469445076995298e-14
20.263671875,2.2813339952748444e-14
20.3125,2.6935461948719333e-14
20.361328125,2.091298613780525e-14
20.41015625,2.3741806976285246e-14
20.458984375,2.4143770499892044e-14
20.5078125,2.2445282344248444e-14
20.556640625,2.0998029020780925e-14
20.60546875,2.108246548815254e-14
20.654296875,2.0622368350449382e-14
20.703125,2.110182076600444e-14
20.751953125,2.1998721193590348e-14
20.80078125,1.899747099076927e-14
20.849609375,2.0352002085910164e-14
20.8984375,1.9425263528171482e-14
20.947265625,1.8969586489152694e-14
20.99609375,1.9157297874214328e-14
21.044921875,1.8135904497662638e-14
21.09375,1.827099268597812e-14
21.142578125,1.7990251753029095e-14
21.19140625,1.8896715412074262e-14
21.240234375,1.723363699875748e-14
21.2890625,1.7518945663227114e-14
21.337890625,1.5997187008853512e-14
21.38671875,1.685969055210991e-14
21.435546875,1.6774809064786438e-14
21.484375,1.652420891799333e-14
21.533203125,1.6121727070176325e-14
21.58203125,1.555313271808981e-14
21.630859375,1.5835756089570677e-14
21.6796875,1.540246956567107e-14
21.728515625,1.4965677832111713e-14
21.77734375,1.4779501747596197e-14
21.826171875,1.5024308034275892e-14
21.875,1.4244546212230206e-14
21.923828125,1.4682858783278042e-14
21.97265625,1.441038906531599e-14
22.021484375,1.3538199072904907e-14
22.0703125,1.3672972049491528e-14
22.119140625,1.3654988968244371e-14
22.16796875,1.3413109121342078e-14
22.216796875,1.3190526412676438e-14
22.265625,1.3068647468247757e-14
22.314453125,1.2798260736948496e-14
22.36328125,1.277868612352068e-14
22.412109375,1.2533254236827284e-14
22.4609375,1.2348987667387583e-14
22.509765625,1.2094950793012532e-14
22.55859375,1.184898119722643e-14
22.607421875,1.20178946063634e-14
22.65625,1.1737654649337691e-14
22.705078125,1.1639660403248983e-14
22.75390625,1.1315455155894571e-14
22.802734375,1.137040925453193e-14
22.8515625,1.0902501513810707e-14
22.900390625,1.1052471746783337e-14
22.94921875,1.0745618450415723e-14
22.998046875,1.0744632163474217e-14
23.046875,1.0539025064555633e-14
23.095703125,1.0502008037865332e-14
23.14453125,1.0246879380428838e-14
23.193359375,1.0106650167986681e-14
23.2421875,9.968335220292185e-15
23.291015625,9.858019948179344e-15
23.33984375,9.846030617008889e-15
23.388671875,9.61445856875274e-15
23.4375,9.538130962686761e-15
23.486328125,9.392995615281629e-15
23.53515625,9.25898860760407e-15
23.583984375,9.19163009378152e-15
23.6328125,9.048658669359379e-15
23.681640625,8.905263627529465e-15
23.73046875,8.772775925940246e-15
23.779296875,8.786602167329704e-15
23.828125,8.581544977543059e-15
23.876953125,8.546160949186866e-15
23.92578125,8.379038308278168e-15
23.974609375,8.2787078372883e-15
24.0234375,8.164846043083883e-15
24.072265625,8.079719082804922e-15
24.12109375,8.008182839124807e-15
24.169921875,7.899356675173579e-15
24.21875,7.798056478621848e-15
24.267578125,7.713464100019997e-15
24.31640625,7.613112387358334e-15
24.365234375,7.477795567115714e-15
24.4140625,7.429910335621868e-15
24.462890625,7.331762468796501e-15
24.51171875,7.23890415037088e-15
24.560546875,7.192857421976371e-15
24.609375,7.068845719906318e-15
24.658203125,6.980432314920548e-15
24.70703125,6.8999573885773776e-15
24.755859375,6.823640431356566e-15
24.8046875,6.7347406913700724e-15
24.853515625,6.665463731522241e-15
24.90234375,6.580934715299161e-15
24.951171875,6.513779711074103e-15
25.0,6.4247032924136665e-15
25.048828125,6.355068246419712e-15
25.09765625,6.276867161296352e-15
25.146484375,6.197978430645839e-15
25.1953125,6.125013676787207e-15
25.244140625,6.062187514282777e-15
25.29296875,5.995667117408423e-15
25.341796875,5.91185019723861e-15
25.390625,5.860950442679368e-15
25.439453125,5.776558276665709e-15
25.48828125,5.719949967962605e-15
25.537109375,5.639187625510366e-15
25.5859375,5.5846181545446395e-15
25.634765625,5.521097151779825e-15
25.68359375,5.458504259284787e-15
25.732421875,5.3963064604381446e-15
25.78125,5.334974022892254e-15
25.830078125,5.269539273633752e-15
25.87890625,5.2042403284797036e-15
25.927734375,5.156219320123729e-15
25.9765625,5.091318703956856e-15
26.025390625,5.034867300274368e-15
26.07421875,4.9829187496837705e-15
26.123046875,4.922710172704542e-15
26.171875,4.86597976425687e-15
26.220703125,4.811098304376853e-15
26.26953125,4.759254320430682e-15
26.318359375,4.7001374119235974e-15
26.3671875,4.655500853450808e-15
26.416015625,4.6001502993247386e-15
26.46484375,4.5500115397070664e-15
26.513671875,4.4976502456322854e-15
26.5625,4.448331163299179e-15
26.611328125,4.398708195722662e-15
26.66015625,4.350793125943507e-15
26.708984375,4.3010864921395175e-15
26.7578125,4.2551177684935344e-15
26.806640625,4.2083004718357315e-15
26.85546875,4.161115325687726e-15
26.904296875,4.118570527385699e-15
26.953125,4.070700134018565e-15
27.001953125,4.0259683185032356e-15
27.05078125,3.982307677772412e-15
27.099609375,3.9386425435027404e-15
27.1484375,3.89682220917384e-15
27.197265625,3.854663264545531e-15
27.24609375,3.813226248543815e-15
27.294921875,3.772010448602033e-15
27.34375,3.730550486528566e-15
27.392578125,3.6891947228709846e-15
27.44140625,3.6512805567040164e-15
27.490234375,3.61063099565143e-15
27.5390625,3.573632788579844e-15
27.587890625,3.5358208730845674e-15
27.63671875,3.4968599795155224e-15
27.685546875,3.4593631742204205e-15
27.734375,3.423041183224724e-15
27.783203125,3.3863295724562545e-15
27.83203125,3.3504649219984796e-15
27.880859375,3.315977921478827e-15
27.9296875,3.2795900467871952e-15
27.978515625,3.246013041583412e-15
28.02734375,3.2115466654843536e-15
28.076171875,3.1780998504560473e-15
28.125,3.1442906052000286e-15
28.173828125,3.111160281004791e-15
28.22265625,3.0788294530808064e-15
28.271484375,3.0468882935263783e-15
28.3203125,3.0150339048191545e-15
28.369140625,2.9839897061472186e-15
28.41796875,2.953097353922074e-15
28.466796875,2.921776406751924e-15
28.515625,2.892076383905605e-15
28.564453125,2.8618634597597415e-15
28.61328125,2.8323709121501273e-15
28.662109375,2.803276749645216e-15
28.7109375,2.7748121850418106e-15
28.759765625,2.7463295786720263e-15
28.80859375,2.7179987603708922e-15
28.857421875,2.690156561230996e-15
28.90625,2.6624372409239668e-15
28.955078125,2.6356133363691944e-15
29.00390625,2.6087237464400242e-15
29.052734375,2.582430689124941e-15
29.1015625,2.556168669988705e-15
29.150390625,2.5302196332923417e-15
29.19921875,2.5046157818198797e-15
29.248046875,2.4794475160450985e-15
29.296875,2.4543120888388577e-15
29.345703125,2.4296136550029493e-15
29.39453125,2.4054544067284424e-15
29.443359375,2.3811427445294218e-15
29.4921875,2.35750545562923e-15
29.541015625,2.3338825694386887e-15
29.58984375,2.3105466758349172e-15
29.638671875,2.287516854007653e-15
29.6875,2.264816883109235e-15
29.736328125,2.242335058623625e-15
29.78515625,2.2201193799258234e-15
29.833984375,2.1981352304278122e-15
29.8828125,2.1764543009607676e-15
29.931640625,2.155106665707864e-15
29.98046875,2.1337170209252396e-15
30.029296875,2.112811465544823e-15
30.078125,2.0920268690126056e-15
30.126953125,2.071494441123196e-15
30.17578125,2.0513339191626745e-15
30.224609375,2.031331567917633e-15
30.2734375,2.011452596999201e-15
30.322265625,1.9918904673055127e-15
30.37109375,1.9725307525842152e-15
30.419921875,1.9533202107896035e-15
30.46875,1.9344897239286548e-15
30.517578125,1.915683072331625e-15
30.56640625,1.897248343119187e-15
30.615234375,1.8789641368304588e-15
30.6640625,1.860859047798336e-15
30.712890625,1.8429683191593917e-15
30.76171875,1.8252669426346605e-15
30.810546875,1.807733769819309e-15
30.859375,1.7904970114794463e-15
30.908203125,1.7733848658393152e-15
30.95703125,1.7564589466845418e-15
31.005859375,1.7397566630202288e-15
31.0546875,1.7231652604424697e-15
31.103515625,1.7068484027078288e-15
31.15234375,1.6906646537447924e-15
31.201171875,1.674639897827214e-15
31.25,1.6588147731263261e-15
31.298828125,1.643167694723319e-15
31.34765625,1.6276827262914769e-15
31.396484375,1.6124020008920387e-15
31.4453125,1.5972516922294779e-15
31.494140625,1.5822451171897157e-15
31.54296875,1.5674466972945247e-15
31.591796875,1.5527731701557898e-15
31.640625,1.5382842837460804e-15
31.689453125,1.5239541987103606e-15
31.73828125,1.509773566609407e-15
31.787109375,1.4957397336553059e-15
31.8359375,1.481866472376589e-15
31.884765625,1.4681344716010514e-15
31.93359375,1.4545305842836696e-15
31.982421875,1.441109374325557e-15
32.03125,1.4278087018608999e-15
32.080078125,1.4146801012485707e-15
32.12890625,1.4016627547589514e-15
32.177734375,1.3887910802505488e-15
32.2265625,1.3760502615587664e-15
32.275390625,1.3634543596422852e-15
32.32421875,1.3509920434399687e-15
32.373046875,1.3386600961935163e-15
32.421875,1.3264593624094766e-15
32.470703125,1.3143822551362898e-15
32.51953125,1.3024448401730095e-15
32.568359375,1.2906245976350587e-15
32.6171875,1.2789295393626106e-15
32.666015625,1.2673559077034998e-15
32.71484375,1.2559017068415181e-15
32.763671875,1.2445726838967348e-15
32.8125,1.23336582430692e-15
32.861328125,1.222269415524673e-15
32.91015625,1.2112916140179424e-15
32.958984375,1.2004284794713016e-15
33.0078125,1.1896713253791118e-15
33.056640625,1.1790375631378624e-15
33.10546875,1.1685030833350406e-15
33.154296875,1.158080816702772e-15
33.203125,1.1477725935254677e-15
33.251953125,1.1375681857497048e-15
33.30078125,1.1274650789263146e-15
33.349609375,1.1174710966258058e-15
33.3984375,1.1075712224273942e-15
33.447265625,1.0977782522100056e-15
33.49609375,1.0880894647424432e-15
33.544921875,1.078494116770664e-15
33.59375,1.0690028550974668e-15
33.642578125,1.0596017457637566e-15
33.69140625,1.0502994948089714e-15
33.740234375,1.0410930315455359e-15
33.7890625,1.0319781942183205e-15
33.837890625,1.0229546291503208e-15
33.88671875,1.0140263919248248e-15
33.935546875,1.005184992224684e-15
33.984375,9.964348973795216e-16
34.033203125,9.87774794307163e-16
34.08203125,9.791968900596505e-16
34.130859375,9.707091247445677e-16
34.1796875,9.623051079072149e-16
34.228515625,9.539852707277435e-16
34.27734375,9.457502279386025e-16
34.326171875,9.375957693167382e-16
34.375,9.295233939362123e-16
34.423828125,9.215329903674773e-16
34.47265625,9.136208860127257e-16
34.521484375,9.057865381476622e-16
34.5703125,8.980319239863224e-16
34.619140625,8.903510353195478e-16
34.66796875,8.827495804855453e-16
34.716796875,8.75222481051712e-16
34.765625,8.677693591305629e-16
34.814453125,8.603897754267017e-16
34.86328125,8.530827222865785e-16
34.912109375,8.458471705378103e-16
34.9609375,8.386832860419015e-16
35.009765625,8.315891662334605e-16
35.05859375,8.245648789971273e-16
35.107421875,8.176095845578557e-16
35.15625,8.107216760329871e-16
35.205078125,8.039015665250753e-16
35.25390625,7.971470951017809e-16
35.302734375,7.904582465111513e-16
35.3515625,7.838347972905864e-16
35.400390625,7.772757289502895e-16
35.44921875,7.70780066453628e-16
35.498046875,7.643469566743639e-16
35.546875,7.579764900551627e-16
35.595703125,7.5166681706299e-16
35.64453125,7.454185052100748e-16
35.693359375,7.392299790967707e-16
35.7421875,7.331008734426002e-16
35.791015625,7.270303998142191e-16
35.83984375,7.210185615434693e-16
35.888671875,7.150639744819753e-16
35.9375,7.091665461674036e-16
35.986328125,7.033250976549616e-16
36.03515625,6.975391398803276e-16
36.083984375,6.918085461202868e-16
36.1328125,6.861320715883477e-16
36.181640625,6.805098443861988e-16
36.23046875,6.749408305595184e-16
36.279296875,6.694244213100802e-16
36.328125,6.639601759624983e-16
36.376953125,6.585476390169828e-16
36.42578125,6.531857263051761e-16
36.474609375,6.478745527809834e-16
36.5234375,6.426133361255832e-16
36.572265625,6.374014072947273e-16
36.62109375,6.322386178641619e-16
36.669921875,6.271238790462621e-16
36.71875,6.220570381386736e-16
36.767578125,6.170375512127582e-16
36.81640625,6.120647609619618e-16
36.865234375,6.071384383436957e-16
36.9140625,6.022579499189986e-16
36.962890625,5.974225986904377e-16
37.01171875,5.926323143375497e-16
37.060546875,5.87886437666614e-16
37.109375,5.831842271780017e-16
37.158203125,5.785257525952254e-16
37.20703125,5.739100690140258e-16
37.255859375,5.693369557696857e-16
37.3046875,5.648060178846014e-16
37.353515625,5.60316697576771e-16
37.40234375,5.558685806574779e-16
37.451171875,5.514612995087917e-16
37.5,5.47094300187393e-16
37.548828125,5.427672986686213e-16
37.59765625,5.384797842762657e-16
37.646484375,5.342313213466306e-16
37.6953125,5.300216919539236e-16
37.744140625,5.258502705213855e-16
37.79296875,5.217168023464982e-16
37.841796875,5.176208549009564e-16
37.890625,5.135619726474281e-16
37.939453125,5.095398317897462e-16
37.98828125,5.055540946141204e-16
38.037109375,5.016043137114703e-16
38.0859375,4.976901633780732e-16
38.134765625,4.938112868588608e-16
38.18359375,4.899672486891734e-16
38.232421875,4.86157787329336e-16
38.28125,4.823824577021139e-16
38.330078125,4.786409716166779e-16
38.37890625,4.749329759244549e-16
38.427734375,4.712581028562366e-16
38.4765625,4.676160454739936e-16
38.525390625,4.640064723199381e-16
38.57421875,4.60429017101842e-16
38.623046875,4.568833706496883e-16
38.671875,4.53369239895093e-16
38.720703125,4.498862501896676e-16
38.76953125,4.464341301628867e-16
38.818359375,4.4301254760169123e-16
38.8671875,4.396212167385982e-16
38.916015625,4.3625980882528484e-16
38.96484375,4.3292804293045736e-16
39.013671875,4.2962560792109044e-16
39.0625,4.263522015480693e-16
39.111328125,4.2310754128329475e-16
39.16015625,4.1989134792393894e-16
39.208984375,4.167033341736528e-16
39.2578125,4.135432138957424e-16
39.306640625,4.1041071429376144e-16
39.35546875,4.07305553984536e-16
39.404296875,4.0422746267937546e-16
39.453125,4.0117616023023334e-16
39.501953125,3.981514099899468e-16
39.55078125,3.9515292057355235e-16
39.599609375,3.921804452961818e-16
39.6484375,3.892337392713102e-16
39.697265625,3.8631251749090626e-16
39.74609375,3.834165496959064e-16
39.794921875,3.80545584156787e-16
39.84375,3.7769936802723654e-16
39.892578125,3.748776676885743e-16
39.94140625,3.720802419053861e-16
39.990234375,3.6930683979565994e-16
40.0390625,3.665572448064987e-16
40.087890625,3.63831211200875e-16
40.13671875,3.6112851077931183e-16
40.185546875,3.5844892671730506e-16
40.234375,3.557922116562909e-16
40.283203125,3.5315816363528906e-16
40.33203125,3.5054655496638316e-16
40.380859375,3.479571664336381e-16
40.4296875,3.453897890857622e-16
40.478515625,3.4284420144058574e-16
40.52734375,3.4032019817457373e-16
40.576171875,3.378175680328417e-16
40.625,3.3533610688801576e-16
40.673828125,3.328756044683535e-16
40.72265625,3.3043587278846184e-16
40.771484375,3.2801669630903816e-16
40.8203125,3.256178910775049e-16
40.869140625,3.232392550322427e-16
40.91796875,3.208805938197711e-16
40.966796875,3.185417164177024e-16
41.015625,3.162224394136134e-16
41.064453125,3.1392257046579787e-16
41.11328125,3.1164192804304067e-16
41.162109375,3.0938032708228716e-16
41.2109375,3.071375855493831e-16
41.259765625,3.0491352525063276e-16
41.30859375,3.0270796921665014e-16
41.357421875,3.0052074140140145e-16
41.40625,2.983516689348656e-16
41.455078125,2.962005818033452e-16
41.50390625,2.940673102984099e-16
41.552734375,2.919516794646062e-16
41.6015625,2.8985353262458063e-16
41.650390625,2.8777270086054316e-16
41.69921875,2.857090170746634e-16
41.748046875,2.836623293310517e-16
41.796875,2.816324717500386e-16
41.845703125,2.796192868079444e-16
41.89453125,2.776226256697927e-16
41.943359375,2.7564232436481773e-16
41.9921875,2.736782362533043e-16
42.041015625,2.717302096784025e-16
42.08984375,2.6979808861806185e-16
42.138671875,2.6788173686327897e-16
42.1875,2.6598099700166917e-16
42.236328125,2.6409573011219004e-16
42.28515625,2.6222579231797344e-16
42.333984375,2.603710388340565e-16
42.3828125,2.5853133423609115e-16
42.431640625,2.5670653327687936e-16
42.48046875,2.548964998091011e-16
42.529296875,2.5310110467512387e-16
42.578125,2.513202068707038e-16
42.626953125,2.4955367141695877e-16
42.67578125,2.478013723714367e-16
42.724609375,2.460631730417465e-16
42.7734375,2.443389497753414e-16
42.822265625,2.42628568963533e-16
42.87109375,2.409319105222513e-16
42.919921875,2.3924884386588727e-16
42.96875,2.375792488936596e-16
43.017578125,2.359229965522547e-16
43.06640625,2.342799745430173e-16
43.115234375,2.326500559128953e-16
43.1640625,2.3103312349634775e-16
43.212890625,2.294290601154711e-16
43.26171875,2.2783774861990656e-16
43.310546875,2.2625907272947384e-16
43.359375,2.246929207194203e-16
43.408203125,2.2313917626922135e-16
43.45703125,2.2159773085495784e-16
43.505859375,2.2006847317631782e-16
43.5546875,2.1855129012149918e-16
43.603515625,2.1704607630711648e-16
43.65234375,2.155527238106869e-16
43.701171875,2.140711240383951e-16
43.75,2.1260117590756056e-16
43.798828125,2.1114277058410166e-16
43.84765625,2.0969580714449732e-16
43.896484375,2.0826018657312006e-16
43.9453125,2.0683580111108526e-16
43.994140625,2.0542255491708315e-16
44.04296875,2.0402034984093793e-16
44.091796875,2.0262908215341502e-16
44.140625,2.0124866130683177e-16
44.189453125,1.9987898746185043e-16
44.23828125,1.9851996661305097e-16
44.287109375,1.9717150438088967e-16
44.3359375,1.9583350442832902e-16
44.384765625,1.9450588066993665e-16
44.43359375,1.9318853622349389e-16
44.482421875,1.9188138395461242e-16
44.53125,1.90584329106675e-16
44.580078125,1.8929728816950476e-16
44.62890625,1.8802017100520156e-16
44.677734375,1.867528911475024e-16
44.7265625,1.8549536091585124e-16
44.775390625,1.8424749688004414e-16
44.82421875,1.8300921481847702e-16
44.873046875,1.8178042812437043e-16
44.921875,1.805610553021037e-16
44.970703125,1.7935101654719983e-16
45.01953125,1.78150227880451e-16
45.068359375,1.769586097935682e-16
45.1171875,1.7577608439096823e-16
45.166015625,1.7460256671279442e-16
45.21484375,1.734379871882596e-16
45.263671875,1.7228226154769557e-16
45.3125,1.711353171769524e-16
45.361328125,1.6999707626507485e-16
45.41015625,1.6886746482644188e-16
45.458984375,1.677464052139071e-16
45.5078125,1.6663382943603349e-16
45.556640625,1.6552965941692942e-16
45.60546875,1.6443382700640958e-16
45.654296875,1.6334625743767547e-16
45.703125,1.6226688256850238e-16
45.751953125,1.6119562762606338e-16
45.80078125,1.601324264305908e-16
45.849609375,1.590772110274062e-16
45.8984375,1.5802991134415693e-16
45.947265625,1.569904606800887e-16
45.99609375,1.55958791113611e-16
46.044921875,1.549348388090018e-16
46.09375,1.5391853501235202e-16
46.142578125,1.5290981693617514e-16
46.19140625,1.519086193502998e-16
46.240234375,1.509148776123272e-16
46.2890625,1.499285305806959e-16
46.337890625,1.48949515017411e-16
46.38671875,1.4797776822905963e-16
46.435546875,1.4701322961415337e-16
46.484375,1.4605583691232388e-16
46.533203125,1.4510553243433778e-16
46.58203125,1.4416225512445814e-16
46.630859375,1.4322594445721802e-16
46.6796875,1.4229654477956164e-16
46.728515625,1.413739956805016e-16
46.77734375,1.4045824102805284e-16
46.826171875,1.3954922538252616e-16
46.875,1.3864688728122596e-16
46.923828125,1.3775117686716664e-16
46.97265625,1.368620360973116e-16
47.021484375,1.3597940873286397e-16
47.0703125,1.3510324417301377e-16
47.119140625,1.3423348497894222e-16
47.16796875,1.3337008106084025e-16
47.216796875,1.3251297709525353e-16
47.265625,1.316621211176728e-16
47.314453125,1.3081746373182493e-16
47.36328125,1.2997895219193624e-16
47.412109375,1.2914653381053432e-16
47.4609375,1.2832016216523386e-16
47.509765625,1.2749978393322778e-16
47.55859375,1.266853513462578e-16
47.607421875,1.2587681209309526e-16
47.65625,1.2507412398497477e-16
47.705078125,1.2427723409402604e-16
47.75390625,1.2348609660866466e-16
47.802734375,1.2270066367952697e-16
47.8515625,1.219208891568436e-16
47.900390625,1.211467272232448e-16
47.94921875,1.2037812968801292e-16
47.998046875,1.196150524441395e-16
48.046875,1.1885745148423416e-16
48.095703125,1.181052809250289e-16
48.14453125,1.173584972577214e-16
48.193359375,1.1661705436089507e-16
48.2421875,1.158809128140367e-16
48.291015625,1.1515002720832573e-16
48.33984375,1.1442435483712845e-16
48.388671875,1.1370385220731754e-16
48.4375,1.1298848117763827e-16
48.486328125,1.1227819954938604e-16
48.53515625,1.115729610082631e-16
48.583984375,1.1087273098739334e-16
48.6328125,1.1017746566682749e-16
48.681640625,1.094871269578365e-16
48.73046875,1.0880167366137619e-16
48.779296875,1.0812106566326567e-16
48.828125,1.0744526757887044e-16
48.876953125,1.0677423906837411e-16
48.92578125,1.0610794156133421e-16
48.974609375,1.0544633643415181e-16
49.0234375,1.0478938714063066e-16
49.072265625,1.0413705843537518e-16
49.12109375,1.0348930705506859e-16
49.169921875,1.0284610227505227e-16
49.21875,1.022074066657973e-16
49.267578125,1.0157318395879384e-16
49.31640625,1.0094339838302668e-16
49.365234375,1.0031801364287532e-16
49.4140625,9.96969977551171e-17
49.462890625,9.908031578139218e-17
49.51171875,9.846793116219813e-17
49.560546875,9.785981159372423e-17
49.609375,9.725592024349904e-17
49.658203125,9.665622574909671e-17
49.70703125,9.60606961466965e-17
49.755859375,9.546929890932529e-17
49.8046875,9.488199668091168e-17
49.853515625,9.429876430497521e-17
49.90234375,9.3719565700005e-17
49.951171875,9.314436742754766e-17
50.0,9.257314187141864e-17
50.048828125,9.200585705482978e-17
50.09765625,9.144247943833882e-17
50.146484375,9.088298451121036e-17
50.1953125,9.032733524183143e-17
50.244140625,8.977550701087122e-17
50.29296875,8.922746291630508e-17
50.341796875,8.868318164295755e-17
50.390625,8.814262734968897e-17
50.439453125,8.760577601691877e-17
50.48828125,8.707259382159812e-17
50.537109375,8.65430585100469e-17
50.5859375,8.601713881108697e-17
50.634765625,8.549480558182057e-17
50.68359375,8.497602839338713e-17
50.732421875,8.446078474357378e-17
50.78125,8.394904710571907e-17
50.830078125,8.34407867985485e-17
50.87890625,8.293597946658212e-17
50.927734375,8.243459397512431e-17
50.9765625,8.193660494698852e-17
51.025390625,8.144198910280715e-17
51.07421875,8.095072078058537e-17
51.123046875,8.046277015766613e-17
51.171875,7.997811506334693e-17
51.220703125,7.949673018492435e-17
51.26953125,7.901858800054051e-17
51.318359375,7.854366714075753e-17
51.3671875,7.807194066499106e-17
51.416015625,7.760338716765036e-17
51.46484375,7.7137978652135e-17
51.513671875,7.667568932584583e-17
51.5625,7.621650154611579e-17
51.611328125,7.576038968773559e-17
51.66015625,7.530732875512174e-17
51.708984375,7.485729621351913e-17
51.7578125,7.441027150606834e-17
51.806640625,7.396622676484764e-17
51.85546875,7.352514428661903e-17
51.904296875,7.308699977656898e-17
51.953125,7.265177064365048e-17
52.001953125,7.221943479475937e-17
52.05078125,7.178997176495139e-17
52.099609375,7.136335896460342e-17
52.1484375,7.09395752055318e-17
52.197265625,7.051859782447208e-17
52.24609375,7.010040888844218e-17
52.294921875,6.968498504131304e-17
52.34375,6.927230547697991e-17
52.392578125,6.886235160664752e-17
52.44140625,6.845509976903485e-17
52.490234375,6.805053326293841e-17
52.5390625,6.764862889988098e-17
52.587890625,6.724937075226393e-17
52.63671875,6.685273529319562e-17
52.685546875,6.645870333081727e-17
52.734375,6.606725798730113e-17
52.783203125,6.56783776122406e-17
52.83203125,6.529204493189656e-17
52.880859375,6.490824103230376e-17
52.9296875,6.452694387326832e-17
52.978515625,6.414813972941819e-17
53.02734375,6.377180783623154e-17
53.076171875,6.339792847761726e-17
53.125,6.302648544106336e-17
53.173828125,6.265745938691362e-17
53.22265625,6.229083477935715e-17
53.271484375,6.192659054046006e-17
53.3203125,6.156471249673118e-17
53.369140625,6.120518289170303e-17
53.41796875,6.084798154811539e-17
53.466796875,6.049309331512858e-17
53.515625,6.014050197640056e-17
53.564453125,5.979018899330716e-17
53.61328125,5.944213962995381e-17
53.662109375,5.909633525429622e-17
53.7109375,5.875276065975497e-17
53.759765625,5.84114006420705e-17
53.80859375,5.807223541717883e-17
53.857421875,5.773525320068847e-17
53.90625,5.740043498862365e-17
53.955078125,5.706776735471537e-17
54.00390625,5.6737232271425e-17
54.052734375,5.640881725051942e-17
54.1015625,5.608250365063824e-17
54.150390625,5.57582778615058e-17
54.19921875,5.543612549676718e-17
54.248046875,5.5116031001310314e-17
54.296875,5.479797849889167e-17
54.345703125,5.4481953680157644e-17
54.39453125,5.416794369319448e-17
54.443359375,5.3855930735740215e-17
54.4921875,5.3545902091403054e-17
54.541015625,5.323784502458813e-17
54.58984375,5.2931743617784865e-17
54.638671875,5.262758278696747e-17
54.6875,5.232535133161513e-17
54.736328125,5.202503299280588e-17
54.78515625,5.172661533895065e-17
54.833984375,5.1430085487457197e-17
54.8828125,5.1135427606152114e-17
54.931640625,5.084263001556148e-17
54.98046875,5.0551679706332467e-17
55.029296875,5.0262561266643274e-17
55.078125,4.9975264757884354e-17
55.126953125,4.968977500511408e-17
55.17578125,4.9406079191860235e-17
55.224609375,4.912416608482987e-17
55.2734375,4.88440219931812e-17
55.322265625,4.856563372163863e-17
55.37109375,4.8288990187576204e-17
55.419921875,4.801407817957852e-17
55.46875,4.774088521799153e-17
55.517578125,4.746940060353812e-17
55.56640625,4.7199610573674513e-17
55.615234375,4.693150393483576e-17
55.6640625,4.6665068017880827e-17
55.712890625,4.640029237136656e-17
55.76171875,4.613716408002403e-17
55.810546875,4.587567271935827e-17
55.859375,4.561580617831479e-17
55.908203125,4.535755234179006e-17
55.95703125,4.510090165243377e-17
56.005859375,4.484584128430341e-17
56.0546875,4.459235969199926e-17
56.103515625,4.434044808207211e-17
56.15234375,4.409009326805196e-17
56.201171875,4.384128522855489e-17
56.25,4.3594013363215084e-17
56.298828125,4.3348266375828346e-17
56.34765625,4.310403533785118e-17
56.396484375,4.286130641309025e-17
56.4453125,4.262007214424707e-17
56.494140625,4.2380321564876334e-17
56.54296875,4.2142043000762044e-17
56.591796875,4.1905227094518366e-17
56.640625,4.166986372997323e-17
56.689453125,4.143594340557367e-17
56.73828125,4.1203454904795265e-17
56.787109375,4.097238900555169e-17
56.8359375,4.0742736594099633e-17
56.884765625,4.0514487027541846e-17
56.93359375,4.0287629640254294e-17
56.982421875,4.006215665708912e-17
57.03125,3.983805759873269e-17
57.080078125,3.9615323005339515e-17
57.12890625,3.939394389553134e-17
57.177734375,3.917391106093409e-17
57.2265625,3.895521480033331e-17
57.275390625,3.8737845823442775e-17
57.32421875,3.852179612331119e-17
57.373046875,3.830705472809162e-17
57.421875,3.809361455681101e-17
57.470703125,3.7881466681272734e-17
57.51953125,3.767060047054829e-17
57.568359375,3.746100730926294e-17
57.6171875,3.7252681159478827e-17
57.666015625,3.704561158723383e-17
57.71484375,3.6839789171490063e-17
57.763671875,3.6635207243560353e-17
57.8125,3.643185622446035e-17
57.861328125,3.6229728237385e-17
57.91015625,3.6028814259480473e-17
57.958984375,3.582910716876041e-17
58.0078125,3.5630597391796753e-17
58.056640625,3.543327896861575e-17
58.10546875,3.523714122556149e-17
58.154296875,3.504217830995234e-17
58.203125,3.484838144054709e-17
58.251953125,3.465574203847609e-17
58.30078125,3.4464253616545345e-17
58.349609375,3.427390830453721e-17
58.3984375,3.4084696519303286e-17
58.447265625,3.389661305239799e-17
58.49609375,3.3709649377407054e-17
58.544921875,3.352379765124453e-17
58.59375,3.3339050515765174e-17
58.642578125,3.31554010104901e-17
58.69140625,3.2972841878744435e-17
58.740234375,3.2791364194375024e-17
58.7890625,3.261096303612168e-17
58.837890625,3.243162929515424e-17
58.88671875,3.225335754704994e-17
58.935546875,3.2076139516098935e-17
58.984375,3.189996899038245e-17
59.033203125,3.172483776207248e-17
59.08203125,3.155074022514643e-17
59.130859375,3.1377668724811836e-17
59.1796875,3.120561698141286e-17
59.228515625,3.1034577469049194e-17
59.27734375,3.086454489123326e-17
59.326171875,3.0695510542550717e-17
59.375,3.052746939108532e-17
59.423828125,3.0360414697124844e-17
59.47265625,3.019433815822076e-17
59.521484375,3.002923598657396e-17
59.5703125,2.9865100191576054e-17
59.619140625,2.9701925393311416e-17
59.66796875,2.95397038662196e-17
59.716796875,2.937843051382631e-17
59.765625,2.9218097902046375e-17
59.814453125,2.905870134378805e-17
59.86328125,2.890023353463394e-17
59.912109375,2.87426887050008e-17
59.9609375,2.858606093739372e-17
60.009765625,2.843034409682603e-17
60.05859375,2.827553306437769e-17
60.107421875,2.812162040263194e-17
60.15625,2.7968601260985055e-17
60.205078125,2.78164699241297e-17
60.25390625,2.766521943899849e-17
60.302734375,2.751484487869788e-17
60.3515625,2.7365340288337365e-17
60.400390625,2.721670106121191e-17
60.44921875,2.7068919583151278e-17
60.498046875,2.6921992190675372e-17
60.546875,2.677591284324953e-17
60.595703125,2.6630674815108968e-17
60.64453125,2.6486273772787387e-17
60.693359375,2.634270440580063e-17
60.7421875,2.6199960807280595e-17
60.791015625,2.6058037619429224e-17
60.83984375,2.5916930200080362e-17
60.888671875,2.5776632725952846e-17
60.9375,2.5637139751953615e-17
60.986328125,2.5498446428473713e-17
61.03515625,2.536054827219053e-17
61.083984375,2.5223438330407572e-17
61.1328125,2.5087113651892482e-17
61.181640625,2.4951567821043828e-17
61.23046875,2.4816796352903176e-17
61.279296875,2.4682793439844732e-17
61.328125,2.4549555731033952e-17
61.376953125,2.4417076793781374e-17
61.42578125,2.4285352983085505e-17
61.474609375,2.4154379030370844e-17
61.5234375,2.4024149939784733e-17
61.572265625,2.389466083977824e-17
61.62109375,2.3765906914834563e-17
61.669921875,2.363788374290035e-17
61.71875,2.3510586747481295e-17
61.767578125,2.3384011883642932e-17
61.81640625,2.3258152962428e-17
61.865234375,2.3133006411822563e-17
61.9140625,2.3008568626704432e-17
61.962890625,2.2884833481548283e-17
62.01171875,2.276179746783863e-17
62.060546875,2.2639455405067985e-17
62.109375,2.2517803835623534e-17
62.158203125,2.2396837689794162e-17
62.20703125,2.227655306642096e-17
62.255859375,2.215694520303242e-17
62.3046875,2.2038010291415252e-17
62.353515625,2.1919744330063285e-17
62.40234375,2.180214102323674e-17
62.451171875,2.168519948882622e-17
62.5,2.1568912591024657e-17
62.548828125,2.1453278400453056e-17
62.59765625,2.1338291711108864e-17
62.646484375,2.1223948009802972e-17
62.6953125,2.111024521905085e-17
62.744140625,2.0997177277598025e-17
62.79296875,2.0884740178840425e-17
62.841796875,2.077293215318157e-17
62.890625,2.0661747367436183e-17
62.939453125,2.0551181603849875e-17
62.98828125,2.0441233289055078e-17
63.037109375,2.0331895822887527e-17
63.0859375,2.022316708238386e-17
63.134765625,2.0115042881303095e-17
63.18359375,2.0007519752294955e-17
63.232421875,1.9900592600423184e-17
63.28125,1.9794259573958154e-17
63.330078125,1.968851563617152e-17
63.37890625,1.958335833936543e-17
63.427734375,1.947878290242177e-17
63.4765625,1.9374785987347694e-17
63.525390625,1.927136476174004e-17
63.57421875,1.9168514264499614e-17
63.623046875,1.9066232630952002e-17
63.671875,1.896451436834509e-17
63.720703125,1.8863358244949985e-17
63.76953125,1.87627593697567e-17
63.818359375,1.866271367064937e-17
63.8671875,1.8563219996702764e-17
63.916015625,1.8464273038733952e-17
63.96484375,1.8365870115664263e-17
64.013671875,1.8268007375402983e-17
64.0625,1.8170682547389606e-17
64.111328125,1.807389134595944e-17
64.16015625,1.7977630964743514e-17
64.208984375,1.7881898015740232e-17
64.2578125,1.778668939003626e-17
64.306640625,1.769200181097981e-17
64.35546875,1.759783191415969e-17
64.404296875,1.7504176176116823e-17
64.453125,1.7411032824861652e-17
64.501953125,1.7318396888505122e-17
64.55078125,1.7226267287177578e-17
64.599609375,1.7134638940493192e-17
64.6484375,1.7043510724705324e-17
64.697265625,1.6952877702088282e-17
64.74609375,1.6862738385535573e-17
64.794921875,1.6773089225220934e-17
64.84375,1.668392675827929e-17
64.892578125,1.6595248827779057e-17
64.94140625,1.6507051661185874e-17
64.990234375,1.6419333372285217e-17
65.0390625,1.6332090258530927e-17
65.087890625,1.624531981850457e-17
65.13671875,1.6159018834755765e-17
65.185546875,1.6073184873639214e-17
65.234375,1.5987815240757453e-17
65.283203125,1.590290622965097e-17
65.33203125,1.5818456703173194e-17
65.380859375,1.5734461826436385e-17
65.4296875,1.565092012491973e-17
65.478515625,1.5567829272507298e-17
65.52734375,1.548518568607231e-17
65.576171875,1.540298687739911e-17
65.625,1.5321230268789376e-17
65.673828125,1.5239913375587706e-17
65.72265625,1.5159033081724802e-17
65.771484375,1.5078587075370283e-17
65.8203125,1.4998573156639887e-17
65.869140625,1.491898779785219e-17
65.91796875,1.483982917071579e-17
65.966796875,1.4761094941198757e-17
66.015625,1.468278194507313e-17
66.064453125,1.460488778004661e-17
66.11328125,1.4527410419706037e-17
66.162109375,1.445034659495182e-17
66.2109375,1.4373694795282087e-17
66.259765625,1.4297451709693056e-17
66.30859375,1.422161567986977e-17
66.357421875,1.414618370180998e-17
66.40625,1.4071153251893326e-17
66.455078125,1.39965229603465e-17
66.50390625,1.392228922031728e-17
66.552734375,1.3848450591121511e-17
66.6015625,1.3775004038896492e-17
66.650390625,1.3701947905144147e-17
66.69921875,1.3629279295566336e-17
66.748046875,1.3556996812732289e-17
66.796875,1.348509680916983e-17
66.845703125,1.3413578072311111e-17
66.89453125,1.3342438253291562e-17
66.943359375,1.327167500605315e-17
66.9921875,1.3201286009869083e-17
67.041015625,1.3131268869081824e-17
67.08984375,1.3061622111208079e-17
67.138671875,1.2992342735547654e-17
67.1875,1.292342918818779e-17
67.236328125,1.2854878815609155e-17
67.28515625,1.2786690452179923e-17
67.333984375,1.2718860898324411e-17
67.3828125,1.2651388539822143e-17
67.431640625,1.2584270992281451e-17
67.48046875,1.2517506966378555e-17
67.529296875,1.2451093513427563e-17
67.578125,1.2385028704635652e-17
67.626953125,1.2319311247305693e-17
67.67578125,1.2253938163815437e-17
67.724609375,1.2188908193150874e-17
67.7734375,1.2124218807046626e-17
67.822265625,1.2059868723551772e-17
67.87109375,1.1995855526444894e-17
67.919921875,1.1932177002748918e-17
67.96875,1.186883161747372e-17
68.017578125,1.180581694019163e-17
68.06640625,1.1743132105131347e-17
68.115234375,1.1680774119777271e-17
68.1640625,1.1618741508537928e-17
68.212890625,1.155703235904684e-17
68.26171875,1.1495645187811188e-17
68.310546875,1.1434577237116196e-17
68.359375,1.1373828008773513e-17
68.408203125,1.1313394245226384e-17
68.45703125,1.1253274914426316e-17
68.505859375,1.1193468461873137e-17
68.5546875,1.1133972332472156e-17
68.603515625,1.1074785139381177e-17
68.65234375,1.1015905140980428e-17
68.701171875,1.0957330371148194e-17
68.75,1.0899059532200897e-17
68.798828125,1.0841090764376872e-17
68.84765625,1.0783421701431492e-17
68.896484375,1.0726051488913313e-17
68.9453125,1.0668977951104246e-17
68.994140625,1.0612199535546618e-17
69.04296875,1.0555714252222037e-17
69.091796875,1.0499520750315916e-17
69.140625,1.0443617820070361e-17
69.189453125,1.0388002566011405e-17
69.23828125,1.0332674551325071e-17
69.287109375,1.0277631239993009e-17
69.3359375,1.022287197144451e-17
69.384765625,1.0168394663114276e-17
69.43359375,1.0114197321793194e-17
69.482421875,1.0060279052853888e-17
69.53125,1.000663768769381e-17
69.580078125,9.953272169777891e-18
69.62890625,9.900180216980509e-18
69.677734375,9.847361188085403e-18
69.7265625,9.794813308770159e-18
69.775390625,9.742534467548581e-18
69.82421875,9.690523959647312e-18
69.873046875,9.638779197423873e-18
69.921875,9.58729994268647e-18
69.970703125,9.536083855549701e-18
70.01953125,9.485130092488915e-18
70.068359375,9.434436369298699e-18
70.1171875,9.384001939288352e-18
70.166015625,9.333824741331433e-18
70.21484375,9.2839039888145e-18
70.263671875,9.234237784890487e-18
70.3125,9.184824598603318e-18
70.361328125,9.135663698578966e-18
70.41015625,9.086753188837281e-18
70.458984375,9.038091575133573e-18
70.5078125,8.989677750996848e-18
70.556640625,8.941510029581522e-18
70.60546875,8.893587291028864e-18
70.654296875,8.845908396498045e-18
70.703125,8.798471228658416e-18
70.751953125,8.75127558464973e-18
70.80078125,8.704318874012466e-18
70.849609375,8.657600634011387e-18
70.8984375,8.611119243210087e-18
70.947265625,8.564873374359744e-18
70.99609375,8.518861653279509e-18
71.044921875,8.473082645296107e-18
71.09375,8.427536323099883e-18
71.142578125,8.382219387590711e-18
71.19140625,8.337131816048311e-18
71.240234375,8.292272602711667e-18
71.2890625,8.247638831992739e-18
71.337890625,8.203231964690903e-18
71.38671875,8.159048319669919e-18
71.435546875,8.115087487453406e-18
71.484375,8.07134886351709e-18
71.533203125,8.027830040547864e-18
71.58203125,7.984530924208797e-18
71.630859375,7.941450145845855e-18
71.6796875,7.898585464290705e-18
71.728515625,7.85593667263783e-18
71.77734375,7.813502997241344e-18
71.826171875,7.771281614857196e-18
71.875,7.729272833129435e-18
71.923828125,7.68747532255949e-18
71.97265625,7.645887444373317e-18
72.021484375,7.60450829438302e-18
72.0703125,7.563336793054257e-18
72.119140625,7.52237161781316e-18
72.16796875,7.481611755772065e-18
72.216796875,7.441056037612764e-18
72.265625,7.400703607954495e-18
72.314453125,7.360552583301088e-18
72.36328125,7.320602965785079e-18
72.412109375,7.280853331862897e-18
72.4609375,7.24130202663104e-18
72.509765625,7.20194858530031e-18
72.55859375,7.162791651611309e-18
72.607421875,7.123830406649706e-18
72.65625,7.085063991409271e-18
72.705078125,7.046489723352627e-18
72.75390625,7.008108648300469e-18
72.802734375,6.969918837654846e-18
72.8515625,6.931919369624778e-18
72.900390625,6.894109184851034e-18
72.94921875,6.856487191392848e-18
72.998046875,6.819052614063098e-18
73.046875,6.781804287509111e-18
73.095703125,6.744741603275313e-18
73.14453125,6.707862741896298e-18
73.193359375,6.671167222610246e-18
73.2421875,6.634653886121992e-18
73.291015625,6.5983217050824314e-18
73.33984375,6.562170420033113e-18
73.388671875,6.5261980123224166e-18
73.4375,6.490404424050933e-18
73.486328125,6.454788164612015e-18
73.53515625,6.419348853985637e-18
73.583984375,6.384084533335096e-18
73.6328125,6.3489953715942175e-18
73.681640625,6.314080179541483e-18
73.73046875,6.279336605223737e-18
73.779296875,6.24476654327791e-18
73.828125,6.2103666754939096e-18
73.876953125,6.176136624809747e-18
73.92578125,6.1420763846074434e-18
73.974609375,6.1081839479768255e-18
74.0234375,6.074458948987042e-18
74.072265625,6.0409011577673934e-18
74.12109375,6.007508753992429e-18
74.169921875,5.974280742116495e-18
74.21875,5.941217186330217e-18
74.267578125,5.90831573913477e-18
74.31640625,5.875577264680311e-18
74.365234375,5.84300013562538e-18
74.4140625,5.810584163366804e-18
74.462890625,5.778326292649774e-18
74.51171875,5.7462281859083856e-18
74.560546875,5.714288227839471e-18
74.609375,5.6825051937079764e-18
74.658203125,5.650878084312033e-18
74.70703125,5.619406853549604e-18
74.755859375,5.588090313235328e-18
74.8046875,5.556928164874675e-18
74.853515625,5.525918270821572e-18
74.90234375,5.495061057617682e-18
74.951171875,5.464355316570638e-18
75.0,5.433800402954017e-18
75.048828125,5.403395493174643e-18
75.09765625,5.373140218492901e-18
75.146484375,5.343032685684406e-18
75.1953125,5.3130725503649865e-18
75.244140625,5.283259657172265e-18
75.29296875,5.253593052334209e-18
75.341796875,5.2240712820435935e-18
75.390625,5.1946943352885256e-18
75.439453125,5.165461909238561e-18
75.48828125,5.136371697180884e-18
75.537109375,5.107424006958673e-18
75.5859375,5.078618449127526e-18
75.634765625,5.049953454117093e-18
75.68359375,5.021428605161456e-18
75.732421875,4.993043184424925e-18
75.78125,4.964796793286351e-18
75.830078125,4.936688343218164e-18
75.87890625,4.9087170358242315e-18
75.927734375,4.880882334225457e-18
75.9765625,4.853184252344219e-18
76.025390625,4.825620536629709e-18
76.07421875,4.798191732894452e-18
76.123046875,4.770896990539512e-18
76.171875,4.743735307423346e-18
76.220703125,4.716705503843033e-18
76.26953125,4.6898085734057336e-18
76.318359375,4.663041929229167e-18
76.3671875,4.63640624601368e-18
76.416015625,4.60990029229199e-18
76.46484375,4.5835234255764875e-18
76.513671875,4.557275303835541e-18
76.5625,4.531154661292805e-18
76.611328125,4.505161549047234e-18
76.66015625,4.479295059741672e-18
76.708984375,4.453554191049452e-18
76.7578125,4.427938815975213e-18
76.806640625,4.4024479324391574e-18
76.85546875,4.377081448872507e-18
76.904296875,4.3518381490814285e-18
76.953125,4.3267175045669124e-18
77.001953125,4.301719228134012e-18
77.05078125,4.276842602813279e-18
77.099609375,4.252086595371377e-18
77.1484375,4.227451503381833e-18
77.197265625,4.202935579621248e-18
77.24609375,4.178539068981626e-18
77.294921875,4.154261165040767e-18
77.34375,4.130101053141454e-18
77.392578125,4.1060582458906525e-18
77.44140625,4.0821325113078515e-18
77.490234375,4.058322631298254e-18
77.5390625,4.0346287179222435e-18
77.587890625,4.011049705696154e-18
77.63671875,3.987585195091325e-18
77.685546875,3.9642344625762655e-18
77.734375,3.9409972533298515e-18
77.783203125,3.917872748967647e-18
77.83203125,3.894860595050458e-18
77.880859375,3.871959941709115e-18
77.9296875,3.8491703916786426e-18
77.978515625,3.8264916728796955e-18
78.02734375,3.8039225173653184e-18
78.076171875,3.781463209744825e-18
78.125,3.759112761970903e-18
78.173828125,3.7368707361518524e-18
78.22265625,3.7147366552591574e-18
78.271484375,3.6927096613359946e-18
78.3203125,3.670789633388522e-18
78.369140625,3.648975781857102e-18
78.41796875,3.6272679819000736e-18
78.466796875,3.605665285819041e-18
78.515625,3.584167243673824e-18
78.564453125,3.562773487093629e-18
78.61328125,3.541483651616592e-18
78.662109375,3.520296556910962e-18
78.7109375,3.499212604557647e-18
78.759765625,3.478230774489979e-18
78.80859375,3.4573505163561142e-18
78.857421875,3.436571782190683e-18
78.90625,3.415893429392076e-18
78.955078125,3.395315548362849e-18
79.00390625,3.3748372040216033e-18
79.052734375,3.3544584175321335e-18
79.1015625,3.334178397983925e-18
79.150390625,3.3139965061866143e-18
79.19921875,3.2939125071618166e-18
79.248046875,3.2739259860156786e-18
79.296875,3.254036303110244e-18
79.345703125,3.234243273939615e-18
79.39453125,3.2145457095091735e-18
79.443359375,3.1949440821774997e-18
79.4921875,3.1754373381519294e-18
79.541015625,3.1560251696140226e-18
79.58984375,3.1367075368610652e-18
79.638671875,3.117483159266901e-18
79.6875,3.09835206611164e-18
79.736328125,3.0793138515362397e-18
79.78515625,3.0603681924792934e-18
79.833984375,3.0415141511689134e-18
79.8828125,3.0227517991993864e-18
79.931640625,3.0040804432174827e-18
79.98046875,2.985499709698802e-18
80.029296875,2.9670091118807413e-18
80.078125,2.9486082846367754e-18
80.126953125,2.9302969487240805e-18
80.17578125,2.912074402887989e-18
80.224609375,2.893940396076065e-18
80.2734375,2.8758944834428652e-18
80.322265625,2.8579360783149e-18
80.37109375,2.8400650682033987e-18
80.419921875,2.822280822929875e-18
80.46875,2.8045831280046356e-18
80.517578125,2.786971433398467e-18
80.56640625,2.769445325524191e-18
80.615234375,2.752004491919524e-18
80.6640625,2.7346483244549367e-18
80.712890625,2.7173767490518844e-18
80.76171875,2.70018897905098e-18
80.810546875,2.6830851446400567e-18
80.859375,2.6660646233631415e-18
80.908203125,2.6491265007256756e-18
80.95703125,2.632271284687968e-18
81.005859375,2.615497955034131e-18
81.0546875,2.5988064857475432e-18
81.103515625,2.582196338393032e-18
81.15234375,2.5656669302245343e-18
81.201171875,2.549218435512867e-18
81.25,2.5328500043477213e-18
81.298828125,2.5165613851584565e-18
81.34765625,2.5003523747406013e-18
81.396484375,2.484222286571376e-18
81.4453125,2.4681711928819355e-18
81.494140625,2.452198293080591e-18
81.54296875,2.4363033783829568e-18
81.591796875,2.420486170114355e-18
81.640625,2.4047464264396443e-18
81.689453125,2.3890836510978884e-18
81.73828125,2.3734972493926668e-18
81.787109375,2.3579874551066115e-18
81.8359375,2.3425532791154846e-18
81.884765625,2.3271946657602345e-18
81.93359375,2.3119114241454066e-18
81.982421875,2.296703092167159e-18
82.03125,2.281569470043886e-18
82.080078125,2.2665096705327498e-18
82.12890625,2.2515239776851597e-18
82.177734375,2.236611824813985e-18
82.2265625,2.22177268893666e-18
82.275390625,2.2070068089388027e-18
82.32421875,2.1923131157498604e-18
82.373046875,2.1776918979330007e-18
82.421875,2.163142456205588e-18
82.470703125,2.1486646062542006e-18
82.51953125,2.134258080345706e-18
82.568359375,2.1199224698659517e-18
82.6171875,2.1056574717347746e-18
82.666015625,2.0914627043204447e-18
82.71484375,2.0773379535698246e-18
82.763671875,2.0632830819730264e-18
82.8125,2.049297564378393e-18
82.861328125,2.0353808912599007e-18
82.91015625,2.0215332643985892e-18
82.958984375,2.0077537706968155e-18
83.0078125,1.994042803327593e-18
83.056640625,1.9803994950165913e-18
83.10546875,1.9668236730717854e-18
83.154296875,1.953315324894235e-18
83.203125,1.939873782335503e-18
83.251953125,1.9264989329493297e-18
83.30078125,1.9131905165519927e-18
83.349609375,1.8999481253941812e-18
83.3984375,1.886771663406445e-18
83.447265625,1.8736606057451445e-18
83.49609375,1.8606149163641945e-18
83.544921875,1.847633997545213e-18
83.59375,1.83471782837098e-18
83.642578125,1.8218662450527122e-18
83.69140625,1.8090782717351144e-18
83.740234375,1.7963546864464085e-18
83.7890625,1.783694272885595e-18
83.837890625,1.7710974208570723e-18
83.88671875,1.7585631782552634e-18
83.935546875,1.7460921168051135e-18
83.984375,1.7336832395974445e-18
84.033203125,1.7213367056364938e-18
84.08203125,1.7090520568379902e-18
84.130859375,1.6968291064851995e-18
84.1796875,1.6846674065604054e-18
84.228515625,1.6725671431387317e-18
84.27734375,1.6605274995820303e-18
84.326171875,1.6485485394652292e-18
84.375,1.6366301278543966e-18
84.423828125,1.6247717164127483e-18
84.47265625,1.6129731829612871e-18
84.521484375,1.6012340878835562e-18
84.5703125,1.589554687232429e-18
84.619140625,1.577934035791711e-18
84.66796875,1.5663725886267477e-18
84.716796875,1.5548693569807612e-18
84.765625,1.5434248273451795e-18
84.814453125,1.5320383330497335e-18
84.86328125,1.520709621671361e-18
84.912109375,1.5094387564049749e-18
84.9609375,1.4982251572455012e-18
85.009765625,1.4870686949284194e-18
85.05859375,1.4759691275352714e-18
85.107421875,1.464926316307528e-18
85.15625,1.453939997408108e-18
85.205078125,1.443009791820735e-18
85.25390625,1.4321357805303847e-18
85.302734375,1.4213174091117475e-18
85.3515625,1.41055442462954e-18
85.400390625,1.3998469258468885e-18
85.44921875,1.3891944076117546e-18
85.498046875,1.3785967866969293e-18
85.546875,1.368053951160691e-18
85.595703125,1.3575652921317875e-18
85.64453125,1.3471309513750512e-18
85.693359375,1.3367506006727618e-18
85.7421875,1.3264238758576469e-18
85.791015625,1.3161507508542285e-18
85.83984375,1.305930981818054e-18
85.888671875,1.2957643356547944e-18
85.9375,1.2856503918598713e-18
85.986328125,1.2755893932776635e-18
86.03515625,1.2655806617699015e-18
86.083984375,1.255624429008873e-18
86.1328125,1.245719958772908e-18
86.181640625,1.235867502205406e-18
86.23046875,1.2260667739327751e-18
86.279296875,1.2163170112560134e-18
86.328125,1.2066190459308247e-18
86.376953125,1.1969717447610578e-18
86.42578125,1.1873754863986384e-18
86.474609375,1.1778297640279689e-18
86.5234375,1.1683345945598056e-18
86.572265625,1.1588896789838721e-18
86.62109375,1.1494945726247815e-18
86.669921875,1.1401494044048794e-18
86.71875,1.1308538438179191e-18
86.767578125,1.1216078298690543e-18
86.81640625,1.1124108860399595e-18
86.865234375,1.1032633283586493e-18
86.9140625,1.094164492311172e-18
86.962890625,1.0851143301113324e-18
87.01171875,1.0761127542933714e-18
87.060546875,1.0671593800109696e-18
87.109375,1.05825421850592e-18
87.158203125,1.0493970189866797e-18
87.20703125,1.0405876698907125e-18
87.255859375,1.0318257473889526e-18
87.3046875,1.023111421457198e-18
87.353515625,1.0144442863132313e-18
87.40234375,1.0058240319682927e-18
87.451171875,9.972509371185575e-19
87.5,9.887243995574725e-19
87.548828125,9.802442940221883e-19
87.59765625,9.71810688197858e-19
87.646484375,9.634231041512459e-19
87.6953125,9.550816463216171e-19
87.744140625,9.467861122472125e-19
87.79296875,9.385361919771333e-19
87.841796875,9.30331793883802e-19
87.890625,9.221725161718297e-19
87.939453125,9.140586619054975e-19
87.98828125,9.05989666861314e-19
88.037109375,8.97965560660374e-19
88.0859375,8.89986138059648e-19
88.134765625,8.820511917461104e-19
88.18359375,8.741606759118833e-19
88.232421875,8.663142357770134e-19
88.28125,8.58511695482059e-19
88.330078125,8.507532722062233e-19
88.37890625,8.430385288092044e-19
88.427734375,8.353673388052463e-19
88.4765625,8.277395387114498e-19
88.525390625,8.201550389572541e-19
88.57421875,8.126135413508089e-19
88.623046875,8.051149725083583e-19
88.671875,7.97659173134842e-19
88.720703125,7.902462044277155e-19
88.76953125,7.828755675952675e-19
88.818359375,7.755473304777195e-19
88.8671875,7.682612124001799e-19
88.916015625,7.610172082436124e-19
88.96484375,7.538150519338566e-19
89.013671875,7.466546066828049e-19
89.0625,7.395359045620328e-19
89.111328125,7.324586944071856e-19
89.16015625,7.254227585501761e-19
89.208984375,7.184278435872825e-19
89.2578125,7.114742139966294e-19
89.306640625,7.045614077753852e-19
89.35546875,6.976891815733587e-19
89.404296875,6.908577440649305e-19
89.453125,6.840669099638671e-19
89.501953125,6.773162813426964e-19
89.55078125,6.706059863447835e-19
89.599609375,6.639356360185141e-19
89.6484375,6.57305332726612e-19
89.697265625,6.507147196770631e-19
89.74609375,6.441640335580984e-19
89.794921875,6.376527471928892e-19
89.84375,6.311808902699869e-19
89.892578125,6.247482498988608e-19
89.94140625,6.183548938641638e-19
89.990234375,6.120005650410734e-19
90.0390625,6.056851975780404e-19
90.087890625,5.994085685099811e-19
90.13671875,5.931706260666476e-19
90.185546875,5.869712033909169e-19
90.234375,5.808102334561605e-19
90.283203125,5.746875210191984e-19
90.33203125,5.686030239428493e-19
90.380859375,5.625564977744815e-19
90.4296875,5.565480642971263e-19
90.478515625,5.505772837762627e-19
90.52734375,5.446442267966327e-19
90.576171875,5.387488149864562e-19
90.625,5.328908022895339e-19
90.673828125,5.270702232131775e-19
90.72265625,5.212866918207876e-19
90.771484375,5.155404541065919e-19
90.8203125,5.09831202530905e-19
90.869140625,5.041588140525487e-19
90.91796875,4.985231305957949e-19
90.966796875,4.929243023602786e-19
91.015625,4.873618795793416e-19
91.064453125,4.818359982736105e-19
91.11328125,4.763462732859826e-19
91.162109375,4.708929632369396e-19
91.2109375,4.654757206788963e-19
91.259765625,4.600945074060642e-19
91.30859375,4.547491366794392e-19
91.357421875,4.494396324874067e-19
91.40625,4.4416592780968135e-19
91.455078125,4.389276410418292e-19
91.50390625,4.337249245568294e-19
91.552734375,4.2855768667098006e-19
91.6015625,4.23425585917492e-19
91.650390625,4.183287089936013e-19
91.69921875,4.1326701460432964e-19
91.748046875,4.08240231194203e-19
91.796875,4.0324830681967263e-19
91.845703125,3.982913540535234e-19
91.89453125,3.9336905387502434e-19
91.943359375,3.8848120493076525e-19
91.9921875,3.836280126054289e-19
92.041015625,3.78809152917523e-19
92.08984375,3.7402464494822284e-19
92.138671875,3.692743845534106e-19
92.1875,3.6455819989552174e-19
92.236328125,3.5987608806347e-19
92.28515625,3.5522789340301415e-19
92.333984375,3.506136323185856e-19
92.3828125,3.460330255018218e-19
92.431640625,3.414862160531821e-19
92.48046875,3.369729598740128e-19
92.529296875,3.3249317934917565e-19
92.578125,3.2804690058419946e-19
92.626953125,3.236338580155941e-19
92.67578125,3.1925408433237656e-19
92.724609375,3.149075173563914e-19
92.7734375,3.105939735662174e-19
92.822265625,3.0631336027322624e-19
92.87109375,3.0206579565686475e-19
92.919921875,2.978510203765872e-19
92.96875,2.936689337818936e-19
93.017578125,2.895195130234455e-19
93.06640625,2.854027421334582e-19
93.115234375,2.813184045628804e-19
93.1640625,2.7726659018437133e-19
93.212890625,2.7324706128139504e-19
93.26171875,2.6925978832579413e-19
93.310546875,2.6530468669253656e-19
93.359375,2.6138166260073445e-19
93.408203125,2.574907430288763e-19
93.45703125,2.5363184406154835e-19
93.505859375,2.498047483580863e-19
93.5546875,2.46009478577009e-19
93.603515625,2.422459733648828e-19
93.65234375,2.3851411444514433e-19
93.701171875,2.348139150821297e-19
93.75,2.3114517867950467e-19
93.798828125,2.275079632282303e-19
93.84765625,2.2390205060138965e-19
93.896484375,2.2032754217500294e-19
93.9453125,2.1678418575712326e-19
93.994140625,2.132720678785317e-19
94.04296875,2.097910399068438e-19
94.091796875,2.063410405231375e-19
94.140625,2.0292205574304007e-19
94.189453125,1.9953395235702666e-19
94.23828125,1.9617674794121033e-19
94.287109375,1.9285031217200984e-19
94.3359375,1.8955454708100566e-19
94.384765625,1.8628947406959695e-19
94.43359375,1.8305497816945047e-19
94.482421875,1.7985104397790117e-19
94.53125,1.7667757336237201e-19
94.580078125,1.7353445381336026e-19
94.62890625,1.7042175968176996e-19
94.677734375,1.6733931134503434e-19
94.7265625,1.6428712977948563e-19
94.775390625,1.6126510025047387e-19
94.82421875,1.5827317737842665e-19
94.873046875,1.5531133522642952e-19
94.921875,1.5237943555869387e-19
94.970703125,1.494775537823057e-19
95.01953125,1.4660553897482207e-19
95.068359375,1.437633216623498e-19
95.1171875,1.409508832756933e-19
95.166015625,1.3816822561025248e-19
95.21484375,1.354152189022241e-19
95.263671875,1.32691801029439e-19
95.3125,1.2999797835552522e-19
95.361328125,1.27333657598501e-19
95.41015625,1.2469882691422107e-19
95.458984375,1.220933585961247e-19
95.5078125,1.1951732098877097e-19
95.556640625,1.1697055834881014e-19
95.60546875,1.144530963246993e-19
95.654296875,1.1196482358445197e-19
95.703125,1.0950575576399754e-19
95.751953125,1.070757732866602e-19
95.80078125,1.0467490829590446e-19
95.849609375,1.0230307404924703e-19
95.8984375,9.996019054254622e-20
95.947265625,9.764628516349274e-20
95.99609375,9.536126274640549e-20
96.044921875,9.310509703537331e-20
96.09375,9.087774100775769e-20
96.142578125,8.867916823051123e-20
96.19140625,8.650932167343087e-20
96.240234375,8.436817167256857e-20
96.2890625,8.225568088449823e-20
96.337890625,8.017176168949067e-20
96.38671875,7.811643572215891e-20
96.435546875,7.608963846400761e-20
96.484375,7.409130071325266e-20
96.533203125,7.212146941912596e-20
96.58203125,7.017999259346441e-20
96.630859375,6.826693336662844e-20
96.6796875,6.638218952265368e-20
96.728515625,6.452576722696986e-20
96.77734375,6.269763299168218e-20
96.826171875,6.089772452489201e-20
96.875,5.91259935317029e-20
96.923828125,5.738246287519347e-20
96.97265625,5.56670611459265e-20
97.021484375,5.3979741607699826e-20
97.0703125,5.232051551608182e-20
97.119140625,5.068931420626499e-20
97.16796875,4.9086110451287807e-20
97.216796875,4.7510915102240326e-20
97.265625,4.596365385711606e-20
97.314453125,4.444429747297216e-20
97.36328125,4.295285178184321e-20
97.412109375,4.1489279789387726e-20
97.4609375,4.0053528324269937e-20
97.509765625,3.864557638724765e-20
97.55859375,3.7265374452372806e-20
97.607421875,3.5913013256645424e-20
97.65625,3.458831603695793e-20
97.705078125,3.3291347810217034e-20
97.75390625,3.202204811983788e-20
97.802734375,3.0780388242771225e-20
97.8515625,2.9566379230926733e-20
97.900390625,2.837999108432839e-20
97.94921875,2.72211703736633e-20
97.998046875,2.608990380991015e-20
98.046875,2.498621029374626e-20
98.095703125,2.3910002573748967e-20
98.14453125,2.2861320594604072e-20
98.193359375,2.1840134909035375e-20
98.2421875,2.0846413481251053e-20
98.291015625,1.9880105144939953e-20
98.33984375,1.894122010382753e-20
98.388671875,1.8029779243763848e-20
98.4375,1.714569924604972e-20
98.486328125,1.628897886091381e-20
98.53515625,1.5459664548218324e-20
98.583984375,1.465766557002887e-20
98.6328125,1.3883000656618723e-20
98.681640625,1.3135624641034419e-20
98.73046875,1.2415586087840837e-20
98.779296875,1.1722842989438988e-20
98.828125,1.1057311922997916e-20
98.876953125,1.0419114334328165e-20
98.92578125,9.808091280934818e-21
98.974609375,9.224360403366745e-21
99.0234375,8.667808001354886e-21
99.072265625,8.13850881302359e-21
99.12109375,7.636382580496317e-21
99.169921875,7.161472352088012e-21
99.21875,6.7137485996791966e-21
99.267578125,6.293185324554132e-21
99.31640625,5.899820367094235e-21
99.365234375,5.5336096241067666e-21
99.4140625,5.1945119790668365e-21
99.462890625,4.882608501894393e-21
99.51171875,4.597810748098216e-21
99.560546875,4.340192049318989e-21
99.609375,4.109672119627841e-21
99.658203125,3.906313177143804e-21
99.70703125,3.730053525230033e-21
99.755859375,3.580912917567156e-21
99.8046875,3.458915571963912e-21
99.853515625,3.3640176356931184e-21
99.90234375,3.296239065644219e-21
99.951171875,3.2555775826712237e-21
100.0,1.621011192446103e-21
